{
    "name": "root",
    "gauges": {
        "Swordsman.Policy.Entropy.mean": {
            "value": 7.787395000457764,
            "min": 7.787395000457764,
            "max": 7.787395000457764,
            "count": 1
        },
        "Swordsman.Policy.Entropy.sum": {
            "value": 77936.25,
            "min": 77936.25,
            "max": 77936.25,
            "count": 1
        },
        "Swordsman.Step.mean": {
            "value": 9944.0,
            "min": 9944.0,
            "max": 9944.0,
            "count": 1
        },
        "Swordsman.Step.sum": {
            "value": 9944.0,
            "min": 9944.0,
            "max": 9944.0,
            "count": 1
        },
        "Swordsman.Policy.ExtrinsicValueEstimate.mean": {
            "value": 1.4798978567123413,
            "min": 1.4798978567123413,
            "max": 1.4798978567123413,
            "count": 1
        },
        "Swordsman.Policy.ExtrinsicValueEstimate.sum": {
            "value": 256.0223388671875,
            "min": 256.0223388671875,
            "max": 256.0223388671875,
            "count": 1
        },
        "Swordsman.Environment.EpisodeLength.mean": {
            "value": 515.6315789473684,
            "min": 515.6315789473684,
            "max": 515.6315789473684,
            "count": 1
        },
        "Swordsman.Environment.EpisodeLength.sum": {
            "value": 9797.0,
            "min": 9797.0,
            "max": 9797.0,
            "count": 1
        },
        "Swordsman.Environment.CumulativeReward.mean": {
            "value": -0.6063158243257356,
            "min": -0.6063158243257356,
            "max": -0.6063158243257356,
            "count": 1
        },
        "Swordsman.Environment.CumulativeReward.sum": {
            "value": -11.520000662188977,
            "min": -11.520000662188977,
            "max": -11.520000662188977,
            "count": 1
        },
        "Swordsman.Policy.ExtrinsicReward.mean": {
            "value": -0.6063158243257356,
            "min": -0.6063158243257356,
            "max": -0.6063158243257356,
            "count": 1
        },
        "Swordsman.Policy.ExtrinsicReward.sum": {
            "value": -11.520000662188977,
            "min": -11.520000662188977,
            "max": -11.520000662188977,
            "count": 1
        },
        "Swordsman.IsTraining.mean": {
            "value": 1.0,
            "min": 1.0,
            "max": 1.0,
            "count": 1
        },
        "Swordsman.IsTraining.sum": {
            "value": 1.0,
            "min": 1.0,
            "max": 1.0,
            "count": 1
        }
    },
    "metadata": {
        "timer_format_version": "0.1.0",
        "start_time_seconds": "1673420687",
        "python_version": "3.7.9 (tags/v3.7.9:13c94747c7, Aug 17 2020, 18:58:18) [MSC v.1900 64 bit (AMD64)]",
        "command_line_arguments": "E:\\UnityProject\\FYP\\venv\\Scripts\\mlagents-learn config/DashingGame_config.yaml --run-id=test1",
        "mlagents_version": "0.29.0",
        "mlagents_envs_version": "0.29.0",
        "communication_protocol_version": "1.5.0",
        "pytorch_version": "1.7.1+cu110",
        "numpy_version": "1.21.6",
        "end_time_seconds": "1673420767"
    },
    "total": 79.6542282,
    "count": 1,
    "self": 0.0035296999999872014,
    "children": {
        "run_training.setup": {
            "total": 0.049651800000000024,
            "count": 1,
            "self": 0.049651800000000024
        },
        "TrainerController.start_learning": {
            "total": 79.60104670000001,
            "count": 1,
            "self": 0.18316639999922302,
            "children": {
                "TrainerController._reset_env": {
                    "total": 5.3389992,
                    "count": 1,
                    "self": 5.3389992
                },
                "TrainerController.advance": {
                    "total": 73.96262450000079,
                    "count": 18033,
                    "self": 0.1935291000003474,
                    "children": {
                        "env_step": {
                            "total": 68.48917209999995,
                            "count": 18033,
                            "self": 42.045967899999795,
                            "children": {
                                "SubprocessEnvManager._take_step": {
                                    "total": 26.33237180000014,
                                    "count": 18033,
                                    "self": 0.5052601000002781,
                                    "children": {
                                        "TorchPolicy.evaluate": {
                                            "total": 25.82711169999986,
                                            "count": 18033,
                                            "self": 2.605763899999527,
                                            "children": {
                                                "TorchPolicy.sample_actions": {
                                                    "total": 23.221347800000334,
                                                    "count": 18033,
                                                    "self": 23.221347800000334
                                                }
                                            }
                                        }
                                    }
                                },
                                "workers": {
                                    "total": 0.11083240000000938,
                                    "count": 18032,
                                    "self": 0.0,
                                    "children": {
                                        "worker_root": {
                                            "total": 69.49763489999988,
                                            "count": 18032,
                                            "is_parallel": true,
                                            "self": 40.37110839999997,
                                            "children": {
                                                "steps_from_proto": {
                                                    "total": 0.0006664000000000669,
                                                    "count": 1,
                                                    "is_parallel": true,
                                                    "self": 0.00030929999999962376,
                                                    "children": {
                                                        "_process_rank_one_or_two_observation": {
                                                            "total": 0.0003571000000004432,
                                                            "count": 2,
                                                            "is_parallel": true,
                                                            "self": 0.0003571000000004432
                                                        }
                                                    }
                                                },
                                                "UnityEnvironment.step": {
                                                    "total": 29.12586009999991,
                                                    "count": 18032,
                                                    "is_parallel": true,
                                                    "self": 1.242537600000336,
                                                    "children": {
                                                        "UnityEnvironment._generate_step_input": {
                                                            "total": 0.6831032999996349,
                                                            "count": 18032,
                                                            "is_parallel": true,