{
    "name": "root",
    "metadata": {
        "timer_format_version": "0.1.0",
        "start_time_seconds": "1673427419",
        "python_version": "3.7.9 (tags/v3.7.9:13c94747c7, Aug 17 2020, 18:58:18) [MSC v.1900 64 bit (AMD64)]",
        "command_line_arguments": "E:\\UnityProject\\FYP\\venv\\Scripts\\mlagents-learn config/DashingGame_config.yaml --run-id=test1",
        "mlagents_version": "0.29.0",
        "mlagents_envs_version": "0.29.0",
        "communication_protocol_version": "1.5.0",
        "pytorch_version": "1.7.1+cu110",
        "numpy_version": "1.21.6",
        "end_time_seconds": "1673427489"
    },
    "total": 69.5522213,
    "count": 1,
    "self": 0.005693699999994806,
    "children": {
        "run_training.setup": {
            "total": 0.10168400000000011,
            "count": 1,
            "self": 0.10168400000000011
        },
        "TrainerController.start_learning": {
            "total": 69.4448436,
            "count": 1,
            "self": 0.007485900000020251,
            "children": {
                "TrainerController._reset_env": {
                    "total": 5.2175201,
                    "count": 1,
                    "self": 5.2175201
                },
                "TrainerController.advance": {
                    "total": 64.05537249999998,
                    "count": 583,
                    "self": 0.007238799999953471,
                    "children": {
                        "env_step": {
                            "total": 63.7260563,
                            "count": 583,
                            "self": 62.69790189999999,
                            "children": {
                                "SubprocessEnvManager._take_step": {
                                    "total": 1.024053900000009,
                                    "count": 583,
                                    "self": 0.019048100000002677,
                                    "children": {
                                        "TorchPolicy.evaluate": {
                                            "total": 1.0050058000000064,
                                            "count": 583,
                                            "self": 0.09538600000001551,
                                            "children": {
                                                "TorchPolicy.sample_actions": {
                                                    "total": 0.9096197999999909,
                                                    "count": 583,
                                                    "self": 0.9096197999999909
                                                }
                                            }
                                        }
                                    }
                                },
                                "workers": {
                                    "total": 0.0041005000000051695,
                                    "count": 582,
                                    "self": 0.0,
                                    "children": {
                                        "worker_root": {
                                            "total": 3.2898435000000044,
                                            "count": 582,
                                            "is_parallel": true,
                                            "self": 1.7379977999999943,
                                            "children": {
                                                "steps_from_proto": {
                                                    "total": 0.000874699999999784,
                                                    "count": 1,
                                                    "is_parallel": true,
                                                    "self": 0.00023030000000012762,
                                                    "children": {
                                                        "_process_rank_one_or_two_observation": {
                                                            "total": 0.0006443999999996564,
                                                            "count": 2,
                                                            "is_parallel": true,
                                                            "self": 0.0006443999999996564
                                                        }
                                                    }
                                                },
                                                "UnityEnvironment.step": {
                                                    "total": 1.5509710000000103,
                                                    "count": 582,
                                                    "is_parallel": true,
                                                    "self": 0.09529200000003346,
                                                    "children": {
                                                        "UnityEnvironment._generate_step_input": {
                                                            "total": 0.043745899999977134,
                                                            "count": 582,
                                                            "is_parallel": true,
                                                            "self": 0.043745899999977134
                                                        },
                                                        "communicator.exchange": {
                                                            "total": 1.061519400000007,
                                                            "count": 582,
                                                            "is_parallel": true,
                                                            "self": 1.061519400000007
                                                        },
                                                        "steps_from_proto": {
                                                            "total": 0.3504136999999927,
                                                            "count": 582,
                                                            "is_parallel": true,
                                                            "self": 0.07384180000002605,
                                                            "children": {
                                                                "_process_rank_one_or_two_observation": {
                                                                    "total": 0.2765718999999667,
                                                                    "count": 1164,
                                                                    "is_parallel": true,
                                                                    "self": 0.2765718999999667
                                                                }
                                                            }
                                                        }
                                                    }
                                                }
                                            }
                                        }
                                    }
                                }
                            }
                        },
                        "trainer_advance": {
                            "total": 0.3220774000000155,
                            "count": 582,
                            "self": 0.009042499999988962,
                            "children": {
                                "process_trajectory": {
                                    "total": 0.31303490000002654,
                                    "count": 582,
                                    "self": 0.31303490000002654
                                }
                            }
                        }
                    }
                },