{
    "name": "root",
    "gauges": {
        "Swordsman.Policy.Entropy.mean": {
            "value": 6.918952941894531,
            "min": 6.918952941894531,
            "max": 7.042648792266846,
            "count": 4
        },
        "Swordsman.Policy.Entropy.sum": {
            "value": 69078.828125,
            "min": 69078.828125,
            "max": 72032.2109375,
            "count": 4
        },
        "Swordsman.Step.mean": {
            "value": 39963.0,
            "min": 9989.0,
            "max": 39963.0,
            "count": 4
        },
        "Swordsman.Step.sum": {
            "value": 39963.0,
            "min": 9989.0,
            "max": 39963.0,
            "count": 4
        },
        "Swordsman.Policy.ExtrinsicValueEstimate.mean": {
            "value": -0.6896921992301941,
            "min": -1.116529107093811,
            "max": -0.6896921992301941,
            "count": 4
        },
        "Swordsman.Policy.ExtrinsicValueEstimate.sum": {
            "value": -107.59197998046875,
            "min": -177.5281219482422,
            "max": -107.59197998046875,
            "count": 4
        },
        "Swordsman.Environment.EpisodeLength.mean": {
            "value": 1893.75,
            "min": 575.8333333333334,
            "max": 1893.75,
            "count": 3
        },
        "Swordsman.Environment.EpisodeLength.sum": {
            "value": 7575.0,
            "min": 3455.0,
            "max": 7575.0,
            "count": 3
        },
        "Swordsman.Environment.CumulativeReward.mean": {
            "value": -3.158000059425831,
            "min": -3.158000059425831,
            "max": -1.0146666796257098,
            "count": 3
        },
        "Swordsman.Environment.CumulativeReward.sum": {
            "value": -12.632000237703323,
            "min": -12.632000237703323,
            "max": -6.088000077754259,
            "count": 3
        },
        "Swordsman.Policy.ExtrinsicReward.mean": {
            "value": -3.158000059425831,
            "min": -3.158000059425831,
            "max": -1.0146666796257098,
            "count": 3
        },
        "Swordsman.Policy.ExtrinsicReward.sum": {
            "value": -12.632000237703323,
            "min": -12.632000237703323,
            "max": -6.088000077754259,
            "count": 3
        },
        "Swordsman.IsTraining.mean": {
            "value": 1.0,
            "min": 1.0,
            "max": 1.0,
            "count": 4
        },
        "Swordsman.IsTraining.sum": {
            "value": 1.0,
            "min": 1.0,
            "max": 1.0,
            "count": 4
        },
        "Swordsman.Losses.PolicyLoss.mean": {
            "value": 0.02224341943122757,
            "min": 0.02224341943122757,
            "max": 0.026780685999741156,
            "count": 3
        },
        "Swordsman.Losses.PolicyLoss.sum": {
            "value": 0.02224341943122757,
            "min": 0.02224341943122757,
            "max": 0.026780685999741156,
            "count": 3
        },
        "Swordsman.Losses.ValueLoss.mean": {
            "value": 0.014836086301753919,
            "min": 0.014836086301753919,
            "max": 0.3872436531508962,
            "count": 3
        },
        "Swordsman.Losses.ValueLoss.sum": {
            "value": 0.014836086301753919,
            "min": 0.014836086301753919,
            "max": 0.3872436531508962,
            "count": 3
        },
        "Swordsman.Policy.LearningRate.mean": {
            "value": 0.0002981551806149399,
            "min": 0.0002981551806149399,
            "max": 0.0002993853002049,
            "count": 3
        },
        "Swordsman.Policy.LearningRate.sum": {
            "value": 0.0002981551806149399,
            "min": 0.0002981551806149399,
            "max": 0.0002993853002049,
            "count": 3
        },
        "Swordsman.Policy.Epsilon.mean": {
            "value": 0.19938506,
            "min": 0.19938506,
            "max": 0.19979510000000006,
            "count": 3
        },
        "Swordsman.Policy.Epsilon.sum": {
            "value": 0.19938506,
            "min": 0.19938506,
            "max": 0.19979510000000006,
            "count": 3
        },
        "Swordsman.Policy.Beta.mean": {
            "value": 0.004969314494000001,
            "min": 0.004969314494000001,
            "max": 0.004989775489999998,
            "count": 3
        },
        "Swordsman.Policy.Beta.sum": {
            "value": 0.004969314494000001,
            "min": 0.004969314494000001,
            "max": 0.004989775489999998,
            "count": 3
        }
    },
    "metadata": {
        "timer_format_version": "0.1.0",
        "start_time_seconds": "1673439756",
        "python_version": "3.7.9 (tags/v3.7.9:13c94747c7, Aug 17 2020, 18:58:18) [MSC v.1900 64 bit (AMD64)]",
        "command_line_arguments": "E:\\UnityProject\\FYP\\venv\\Scripts\\mlagents-learn config/DashingGame_config.yaml --run-id=test1 --force",
        "mlagents_version": "0.29.0",
        "mlagents_envs_version": "0.29.0",
        "communication_protocol_version": "1.5.0",
        "pytorch_version": "1.7.1+cu110",
        "numpy_version": "1.21.6",
        "end_time_seconds": "1673439849"
    },
    "total": 93.1799788,
    "count": 1,
    "self": 0.003435100000004354,
    "children": {
        "run_training.setup": {
            "total": 0.05121819999999999,
            "count": 1,
            "self": 0.05121819999999999
        },
        "TrainerController.start_learning": {
            "total": 93.1253255,
            "count": 1,
            "self": 0.13781940000029635,
            "children": {
                "TrainerController._reset_env": {
                    "total": 4.6501232,
                    "count": 1,
                    "self": 4.6501232
                },
                "TrainerController.advance": {
                    "total": 88.2251765999997,
                    "count": 12011,
                    "self": 0.1420062999993803,
                    "children": {
                        "env_step": {
                            "total": 70.93336409999992,
                            "count": 12011,
                            "self": 53.12489460000023,
                            "children": {
                                "SubprocessEnvManager._take_step": {
                                    "total": 17.721498599999332,
                                    "count": 12011,
                                    "self": 0.3802709999996061,
                                    "children": {
                                        "TorchPolicy.evaluate": {
                                            "total": 17.341227599999726,
                                            "count": 11996,
                                            "self": 1.872440099999519,
                                            "children": {
                                                "TorchPolicy.sample_actions": {
                                                    "total": 15.468787500000207,
                                                    "count": 11996,
                                                    "self": 15.468787500000207
                                                }
                                            }
                                        }
                                    }
                                },
                                "workers": {
                                    "total": 0.08697090000035246,
                                    "count": 12010,
                                    "self": 0.0,
                                    "children": {
                                        "worker_root": {
                                            "total": 88.18776649999991,
                                            "count": 12010,
                                            "is_parallel": true,
                                            "self": 42.32438509999914,